case_study,file,classic_files_needed_to_state,statement_ready_after_rank,classic_proof_support
2005-ECRTS-Lemma3,2005-ECRTS-Lemma3/Lemma3.v,33,42,"classic/analysis/global/basic/bertogna_edf_theory.v, interference_bound_edf.v (steps of bertogna_cirinei_response_time_bound_edf)"
2005-ECRTS-Lemma4,2005-ECRTS-Lemma4/Lemma4.v,33,42,"classic/analysis/global/basic/bertogna_edf_theory.v, interference_bound_edf.v (steps of bertogna_cirinei_response_time_bound_edf)"
2005-ECRTS-Theorem6,2005-ECRTS-Theorem6/Theorem6.v,33,42,"classic/analysis/global/basic/bertogna_edf_theory.v, interference_bound_edf.v (steps of bertogna_cirinei_response_time_bound_edf)"
2007-RTSS-Theorem2,2007-RTSS-Theorem2/Theorem2.v,33,42,classic/model/schedule/global/basic/interference.v (task_interference_le_workload)
2007-RTSS-Theorem3,2007-RTSS-Theorem3/Theorem3.v,33,42,classic/analysis/global/basic/bertogna_fp_theory.v (steps of bertogna_cirinei_response_time_bound_fp)
2007-RTSS-Theorem4,2007-RTSS-Theorem4/Theorem4.v,33,42,classic/analysis/global/basic/workload_bound.v (workload_bounded_by_W)
2009-RTSS-Extend1_10,2009-RTSS-Extend1_10/Method1_10.v,33,42,"none in classic: new proof (classic FP infrastructure: bertogna_fp_theory.v, workload_bound.v)"
2009-RTSS-Lemma1,2009-RTSS-Lemma1/Lemma1.v,33,42,"none in classic: new proof (classic FP infrastructure: bertogna_fp_theory.v, workload_bound.v)"
2009-RTSS-Lemma1_2,2009-RTSS-Lemma1_2/Lemma1.v,33,42,"none in classic: new proof (classic FP infrastructure: bertogna_fp_theory.v, workload_bound.v)"
2009-RTSS-Lemma2-1,2009-RTSS-Lemma2-1/Lemma2_1.v,33,42,"none in classic: new proof (classic FP infrastructure: bertogna_fp_theory.v, workload_bound.v)"
2009-RTSS-Lemma2-2,2009-RTSS-Lemma2-2/Lemma2_2.v,33,42,"none in classic: new proof (classic FP infrastructure: bertogna_fp_theory.v, workload_bound.v)"
2009-RTSS-Lemma3,2009-RTSS-Lemma3/lemma3.v,33,42,"none in classic: new proof (classic FP infrastructure: bertogna_fp_theory.v, workload_bound.v)"
2009-RTSS-Lemma4,2009-RTSS-Lemma4/Lemma4.v,33,42,"none in classic: new proof (classic FP infrastructure: bertogna_fp_theory.v, workload_bound.v)"
2009-RTSS-Lemma5,2009-RTSS-Lemma5/Lemma5.v,33,38,"none in classic: new proof (classic FP infrastructure: bertogna_fp_theory.v, workload_bound.v)"
2009-RTSS-Method1,2009-RTSS-Method1/Method1_10.v,33,42,"none in classic: new proof (classic FP infrastructure: bertogna_fp_theory.v, workload_bound.v)"
2009-RTSS-Theorem1,2009-RTSS-Theorem1/Theorem1.v,33,42,"none in classic: new proof (classic FP infrastructure: bertogna_fp_theory.v, workload_bound.v)"
2009-RTSS-Theorem2,2009-RTSS-Theorem2/Theorem2.v,32,38,"none in classic: new proof (classic FP infrastructure: bertogna_fp_theory.v, workload_bound.v)"
2014-RTCSA-Lemma4,2014-RTCSA-Lemma4/lemma4.v,32,38,"none in classic: new proof (classic FP infrastructure: bertogna_fp_theory.v, workload_bound.v)"
2014-RTCSA-Lemma5,2014-RTCSA-Lemma5/lemma5.v,33,42,"none in classic: new proof (classic FP infrastructure: bertogna_fp_theory.v, workload_bound.v)"
2014-RTCSA-Theorem3,2014-RTCSA-Theorem3/theorem3.v,33,42,"none in classic: new proof (classic FP infrastructure: bertogna_fp_theory.v, workload_bound.v)"
2015-BOOK-Lemma18.1,2015-BOOK-Lemma18.1/Lemma18_1.v,33,42,"none in classic: new proof (classic FP infrastructure: bertogna_fp_theory.v, workload_bound.v)"
2015-RTAS-Lemma8,2015-RTAS-Lemma8/Lemma8.v,34,41,classic/analysis/apa/bertogna_fp_theory.v (bertogna_cirinei_response_time_bound_fp)
