file,depends_on
classic/util/notation.v,util/notation.v
classic/util/seqset.v,util/seqset.v
classic/util/tactics.v,util/tactics.v
classic/util/bigord.v,classic/util/tactics.v
classic/util/induction.v,classic/util/tactics.v
classic/util/list.v,classic/util/tactics.v
classic/util/list.v,util/list.v
classic/util/nat.v,classic/util/ssromega.v
classic/util/nat.v,classic/util/tactics.v
classic/util/nat.v,util/nat.v
classic/util/ord_quantifier.v,classic/util/tactics.v
classic/util/powerset.v,classic/util/tactics.v
classic/util/bigcat.v,classic/util/bigord.v
classic/util/bigcat.v,classic/util/notation.v
classic/util/bigcat.v,classic/util/tactics.v
classic/util/bigcat.v,util/bigcat.v
classic/util/counting.v,classic/util/ord_quantifier.v
classic/util/counting.v,classic/util/tactics.v
classic/util/div_mod.v,classic/util/nat.v
classic/util/div_mod.v,classic/util/ssromega.v
classic/util/div_mod.v,classic/util/tactics.v
classic/util/div_mod.v,util/div_mod.v
classic/util/fixedpoint.v,classic/util/induction.v
classic/util/fixedpoint.v,classic/util/tactics.v
classic/util/sorting.v,classic/util/induction.v
classic/util/sorting.v,classic/util/list.v
classic/util/sorting.v,classic/util/tactics.v
classic/util/step_function.v,classic/util/induction.v
classic/util/step_function.v,classic/util/notation.v
classic/util/step_function.v,classic/util/tactics.v
classic/util/minmax.v,classic/util/list.v
classic/util/minmax.v,classic/util/nat.v
classic/util/minmax.v,classic/util/notation.v
classic/util/minmax.v,classic/util/sorting.v
classic/util/minmax.v,classic/util/tactics.v
classic/util/minmax.v,util/minmax.v
classic/util/sum.v,classic/util/nat.v
classic/util/sum.v,classic/util/notation.v
classic/util/sum.v,classic/util/sorting.v
classic/util/sum.v,classic/util/ssromega.v
classic/util/sum.v,classic/util/tactics.v
classic/util/sum.v,util/sum.v
classic/util/all.v,classic/util/bigcat.v
classic/util/all.v,classic/util/bigord.v
classic/util/all.v,classic/util/counting.v
classic/util/all.v,classic/util/div_mod.v
classic/util/all.v,classic/util/fixedpoint.v
classic/util/all.v,classic/util/induction.v
classic/util/all.v,classic/util/list.v
classic/util/all.v,classic/util/minmax.v
classic/util/all.v,classic/util/nat.v
classic/util/all.v,classic/util/notation.v
classic/util/all.v,classic/util/ord_quantifier.v
classic/util/all.v,classic/util/pick.v
classic/util/all.v,classic/util/powerset.v
classic/util/all.v,classic/util/seqset.v
classic/util/all.v,classic/util/sorting.v
classic/util/all.v,classic/util/ssromega.v
classic/util/all.v,classic/util/step_function.v
classic/util/all.v,classic/util/sum.v
classic/util/all.v,classic/util/tactics.v
classic/util/all.v,util/epsilon.v
classic/model/arrival/basic/task.v,classic/model/time.v
classic/model/arrival/basic/task.v,classic/util/all.v
classic/model/arrival/basic/arrival_sequence.v,classic/model/arrival/basic/task.v
classic/model/arrival/basic/arrival_sequence.v,classic/model/time.v
classic/model/arrival/basic/arrival_sequence.v,classic/util/all.v
classic/model/arrival/basic/job.v,classic/model/arrival/basic/arrival_sequence.v
classic/model/arrival/basic/job.v,classic/model/arrival/basic/task.v
classic/model/arrival/basic/job.v,classic/model/time.v
classic/model/arrival/basic/task_arrival.v,classic/model/arrival/basic/arrival_sequence.v
classic/model/arrival/basic/task_arrival.v,classic/model/arrival/basic/job.v
classic/model/arrival/basic/task_arrival.v,classic/model/arrival/basic/task.v
classic/model/arrival/basic/task_arrival.v,classic/util/all.v
classic/model/priority.v,classic/model/arrival/basic/arrival_sequence.v
classic/model/priority.v,classic/model/arrival/basic/job.v
classic/model/priority.v,classic/model/arrival/basic/task.v
classic/model/priority.v,classic/util/all.v
classic/model/schedule/global/basic/schedule.v,classic/model/arrival/basic/arrival_sequence.v
classic/model/schedule/global/basic/schedule.v,classic/model/arrival/basic/job.v
classic/model/schedule/global/basic/schedule.v,classic/model/arrival/basic/task.v
classic/model/schedule/global/basic/schedule.v,classic/util/all.v
classic/model/arrival/basic/arrival_bounds.v,classic/model/arrival/basic/arrival_sequence.v
classic/model/arrival/basic/arrival_bounds.v,classic/model/arrival/basic/job.v
classic/model/arrival/basic/arrival_bounds.v,classic/model/arrival/basic/task.v
classic/model/arrival/basic/arrival_bounds.v,classic/model/arrival/basic/task_arrival.v
classic/model/arrival/basic/arrival_bounds.v,classic/model/priority.v
classic/model/arrival/basic/arrival_bounds.v,classic/util/all.v
classic/model/schedule/apa/affinity.v,classic/model/arrival/basic/arrival_sequence.v
classic/model/schedule/apa/affinity.v,classic/model/arrival/basic/job.v
classic/model/schedule/apa/affinity.v,classic/model/arrival/basic/task.v
classic/model/schedule/apa/affinity.v,classic/model/schedule/global/basic/schedule.v
classic/model/schedule/apa/affinity.v,classic/util/all.v
classic/model/schedule/global/response_time.v,classic/model/arrival/basic/job.v
classic/model/schedule/global/response_time.v,classic/model/arrival/basic/task.v
classic/model/schedule/global/response_time.v,classic/model/arrival/basic/task_arrival.v
classic/model/schedule/global/response_time.v,classic/model/schedule/global/basic/schedule.v
classic/model/schedule/global/response_time.v,classic/util/all.v
classic/model/schedule/global/schedulability.v,classic/model/arrival/basic/job.v
classic/model/schedule/global/schedulability.v,classic/model/arrival/basic/task.v
classic/model/schedule/global/schedulability.v,classic/model/schedule/global/basic/schedule.v
classic/model/schedule/global/schedulability.v,classic/util/all.v
classic/model/schedule/global/workload.v,classic/model/arrival/basic/job.v
classic/model/schedule/global/workload.v,classic/model/arrival/basic/task.v
classic/model/schedule/global/workload.v,classic/model/arrival/basic/task_arrival.v
classic/model/schedule/global/workload.v,classic/model/schedule/global/basic/schedule.v
classic/model/schedule/global/workload.v,classic/model/schedule/global/response_time.v
classic/model/schedule/global/workload.v,classic/model/schedule/global/schedulability.v
classic/model/schedule/global/workload.v,classic/util/all.v
classic/model/schedule/apa/interference.v,classic/model/arrival/basic/job.v
classic/model/schedule/apa/interference.v,classic/model/arrival/basic/task.v
classic/model/schedule/apa/interference.v,classic/model/priority.v
classic/model/schedule/apa/interference.v,classic/model/schedule/apa/affinity.v
classic/model/schedule/apa/interference.v,classic/model/schedule/global/basic/schedule.v
classic/model/schedule/apa/interference.v,classic/model/schedule/global/workload.v
classic/model/schedule/apa/interference.v,classic/util/all.v
classic/model/schedule/global/basic/interference.v,classic/model/arrival/basic/job.v
classic/model/schedule/global/basic/interference.v,classic/model/arrival/basic/task.v
classic/model/schedule/global/basic/interference.v,classic/model/priority.v
classic/model/schedule/global/basic/interference.v,classic/model/schedule/global/basic/schedule.v
classic/model/schedule/global/basic/interference.v,classic/model/schedule/global/workload.v
classic/model/schedule/global/basic/interference.v,classic/util/all.v
classic/analysis/apa/workload_bound.v,classic/model/arrival/basic/job.v
classic/analysis/apa/workload_bound.v,classic/model/arrival/basic/task.v
classic/analysis/apa/workload_bound.v,classic/model/arrival/basic/task_arrival.v
classic/analysis/apa/workload_bound.v,classic/model/schedule/global/basic/schedule.v
classic/analysis/apa/workload_bound.v,classic/model/schedule/global/response_time.v
classic/analysis/apa/workload_bound.v,classic/model/schedule/global/schedulability.v
classic/analysis/apa/workload_bound.v,classic/model/schedule/global/workload.v
classic/analysis/apa/workload_bound.v,classic/util/all.v
classic/analysis/global/basic/workload_bound.v,classic/model/arrival/basic/job.v
classic/analysis/global/basic/workload_bound.v,classic/model/arrival/basic/task.v
classic/analysis/global/basic/workload_bound.v,classic/model/arrival/basic/task_arrival.v
classic/analysis/global/basic/workload_bound.v,classic/model/schedule/global/basic/schedule.v
classic/analysis/global/basic/workload_bound.v,classic/model/schedule/global/response_time.v
classic/analysis/global/basic/workload_bound.v,classic/model/schedule/global/schedulability.v
classic/analysis/global/basic/workload_bound.v,classic/model/schedule/global/workload.v
classic/analysis/global/basic/workload_bound.v,classic/util/all.v
classic/model/schedule/apa/platform.v,classic/model/arrival/basic/job.v
classic/model/schedule/apa/platform.v,classic/model/arrival/basic/task.v
classic/model/schedule/apa/platform.v,classic/model/arrival/basic/task_arrival.v
classic/model/schedule/apa/platform.v,classic/model/priority.v
classic/model/schedule/apa/platform.v,classic/model/schedule/apa/affinity.v
classic/model/schedule/apa/platform.v,classic/model/schedule/apa/interference.v
classic/model/schedule/apa/platform.v,classic/model/schedule/global/basic/schedule.v
classic/model/schedule/apa/platform.v,classic/util/all.v
classic/model/schedule/global/basic/platform.v,classic/model/arrival/basic/job.v
classic/model/schedule/global/basic/platform.v,classic/model/arrival/basic/task.v
classic/model/schedule/global/basic/platform.v,classic/model/arrival/basic/task_arrival.v
classic/model/schedule/global/basic/platform.v,classic/model/priority.v
classic/model/schedule/global/basic/platform.v,classic/model/schedule/global/basic/interference.v
classic/model/schedule/global/basic/platform.v,classic/model/schedule/global/basic/schedule.v
classic/model/schedule/global/basic/platform.v,classic/util/all.v
classic/analysis/apa/interference_bound.v,classic/analysis/apa/workload_bound.v
classic/analysis/apa/interference_bound.v,classic/model/schedule/global/basic/schedule.v
classic/analysis/apa/interference_bound.v,classic/util/all.v
classic/analysis/global/basic/interference_bound.v,classic/analysis/global/basic/workload_bound.v
classic/analysis/global/basic/interference_bound.v,classic/model/schedule/global/basic/schedule.v
classic/analysis/global/basic/interference_bound.v,classic/util/all.v
classic/model/schedule/apa/constrained_deadlines.v,classic/model/arrival/basic/job.v
classic/model/schedule/apa/constrained_deadlines.v,classic/model/arrival/basic/task.v
classic/model/schedule/apa/constrained_deadlines.v,classic/model/arrival/basic/task_arrival.v
classic/model/schedule/apa/constrained_deadlines.v,classic/model/priority.v
classic/model/schedule/apa/constrained_deadlines.v,classic/model/schedule/apa/affinity.v
classic/model/schedule/apa/constrained_deadlines.v,classic/model/schedule/apa/interference.v
classic/model/schedule/apa/constrained_deadlines.v,classic/model/schedule/apa/platform.v
classic/model/schedule/apa/constrained_deadlines.v,classic/model/schedule/global/basic/schedule.v
classic/model/schedule/apa/constrained_deadlines.v,classic/util/all.v
classic/model/schedule/global/basic/constrained_deadlines.v,classic/model/arrival/basic/job.v
classic/model/schedule/global/basic/constrained_deadlines.v,classic/model/arrival/basic/task.v
classic/model/schedule/global/basic/constrained_deadlines.v,classic/model/arrival/basic/task_arrival.v
classic/model/schedule/global/basic/constrained_deadlines.v,classic/model/priority.v
classic/model/schedule/global/basic/constrained_deadlines.v,classic/model/schedule/global/basic/interference.v
classic/model/schedule/global/basic/constrained_deadlines.v,classic/model/schedule/global/basic/platform.v
classic/model/schedule/global/basic/constrained_deadlines.v,classic/model/schedule/global/basic/schedule.v
classic/model/schedule/global/basic/constrained_deadlines.v,classic/util/all.v
classic/analysis/apa/interference_bound_fp.v,classic/analysis/apa/interference_bound.v
classic/analysis/apa/interference_bound_fp.v,classic/analysis/apa/workload_bound.v
classic/analysis/apa/interference_bound_fp.v,classic/model/priority.v
classic/analysis/apa/interference_bound_fp.v,classic/model/schedule/apa/affinity.v
classic/analysis/apa/interference_bound_fp.v,classic/model/schedule/apa/interference.v
classic/analysis/apa/interference_bound_fp.v,classic/model/schedule/global/basic/schedule.v
classic/analysis/apa/interference_bound_fp.v,classic/model/schedule/global/workload.v
classic/analysis/apa/interference_bound_fp.v,classic/util/all.v
classic/analysis/global/basic/interference_bound_fp.v,classic/analysis/global/basic/interference_bound.v
classic/analysis/global/basic/interference_bound_fp.v,classic/analysis/global/basic/workload_bound.v
classic/analysis/global/basic/interference_bound_fp.v,classic/model/priority.v
classic/analysis/global/basic/interference_bound_fp.v,classic/model/schedule/global/basic/interference.v
classic/analysis/global/basic/interference_bound_fp.v,classic/model/schedule/global/basic/schedule.v
classic/analysis/global/basic/interference_bound_fp.v,classic/model/schedule/global/workload.v
classic/analysis/global/basic/interference_bound_fp.v,classic/util/all.v
classic/model/schedule/global/basic/interference_edf.v,classic/model/arrival/basic/job.v
classic/model/schedule/global/basic/interference_edf.v,classic/model/arrival/basic/task.v
classic/model/schedule/global/basic/interference_edf.v,classic/model/arrival/basic/task_arrival.v
classic/model/schedule/global/basic/interference_edf.v,classic/model/priority.v
classic/model/schedule/global/basic/interference_edf.v,classic/model/schedule/global/basic/interference.v
classic/model/schedule/global/basic/interference_edf.v,classic/model/schedule/global/basic/platform.v
classic/model/schedule/global/basic/interference_edf.v,classic/model/schedule/global/basic/schedule.v
classic/model/schedule/global/basic/interference_edf.v,classic/util/all.v
classic/analysis/apa/bertogna_fp_theory.v,classic/analysis/apa/interference_bound_fp.v
classic/analysis/apa/bertogna_fp_theory.v,classic/analysis/apa/workload_bound.v
classic/analysis/apa/bertogna_fp_theory.v,classic/model/arrival/basic/job.v
classic/analysis/apa/bertogna_fp_theory.v,classic/model/arrival/basic/task.v
classic/analysis/apa/bertogna_fp_theory.v,classic/model/arrival/basic/task_arrival.v
classic/analysis/apa/bertogna_fp_theory.v,classic/model/priority.v
classic/analysis/apa/bertogna_fp_theory.v,classic/model/schedule/apa/affinity.v
classic/analysis/apa/bertogna_fp_theory.v,classic/model/schedule/apa/constrained_deadlines.v
classic/analysis/apa/bertogna_fp_theory.v,classic/model/schedule/apa/interference.v
classic/analysis/apa/bertogna_fp_theory.v,classic/model/schedule/apa/platform.v
classic/analysis/apa/bertogna_fp_theory.v,classic/model/schedule/global/basic/schedule.v
classic/analysis/apa/bertogna_fp_theory.v,classic/model/schedule/global/response_time.v
classic/analysis/apa/bertogna_fp_theory.v,classic/model/schedule/global/schedulability.v
classic/analysis/apa/bertogna_fp_theory.v,classic/model/schedule/global/workload.v
classic/analysis/apa/bertogna_fp_theory.v,classic/util/all.v
classic/analysis/global/basic/bertogna_fp_theory.v,classic/analysis/global/basic/interference_bound_fp.v
classic/analysis/global/basic/bertogna_fp_theory.v,classic/analysis/global/basic/workload_bound.v
classic/analysis/global/basic/bertogna_fp_theory.v,classic/model/arrival/basic/job.v
classic/analysis/global/basic/bertogna_fp_theory.v,classic/model/arrival/basic/task.v
classic/analysis/global/basic/bertogna_fp_theory.v,classic/model/arrival/basic/task_arrival.v
classic/analysis/global/basic/bertogna_fp_theory.v,classic/model/priority.v
classic/analysis/global/basic/bertogna_fp_theory.v,classic/model/schedule/global/basic/constrained_deadlines.v
classic/analysis/global/basic/bertogna_fp_theory.v,classic/model/schedule/global/basic/interference.v
classic/analysis/global/basic/bertogna_fp_theory.v,classic/model/schedule/global/basic/platform.v
classic/analysis/global/basic/bertogna_fp_theory.v,classic/model/schedule/global/basic/schedule.v
classic/analysis/global/basic/bertogna_fp_theory.v,classic/model/schedule/global/response_time.v
classic/analysis/global/basic/bertogna_fp_theory.v,classic/model/schedule/global/schedulability.v
classic/analysis/global/basic/bertogna_fp_theory.v,classic/model/schedule/global/workload.v
classic/analysis/global/basic/bertogna_fp_theory.v,classic/util/all.v
classic/analysis/global/basic/interference_bound_edf.v,classic/analysis/global/basic/interference_bound.v
classic/analysis/global/basic/interference_bound_edf.v,classic/analysis/global/basic/workload_bound.v
classic/analysis/global/basic/interference_bound_edf.v,classic/model/arrival/basic/job.v
classic/analysis/global/basic/interference_bound_edf.v,classic/model/arrival/basic/task.v
classic/analysis/global/basic/interference_bound_edf.v,classic/model/arrival/basic/task_arrival.v
classic/analysis/global/basic/interference_bound_edf.v,classic/model/priority.v
classic/analysis/global/basic/interference_bound_edf.v,classic/model/schedule/global/basic/interference.v
classic/analysis/global/basic/interference_bound_edf.v,classic/model/schedule/global/basic/interference_edf.v
classic/analysis/global/basic/interference_bound_edf.v,classic/model/schedule/global/basic/platform.v
classic/analysis/global/basic/interference_bound_edf.v,classic/model/schedule/global/basic/schedule.v
classic/analysis/global/basic/interference_bound_edf.v,classic/model/schedule/global/response_time.v
classic/analysis/global/basic/interference_bound_edf.v,classic/model/schedule/global/schedulability.v
classic/analysis/global/basic/interference_bound_edf.v,classic/model/schedule/global/workload.v
classic/analysis/global/basic/interference_bound_edf.v,classic/util/all.v
classic/analysis/global/basic/bertogna_edf_theory.v,classic/analysis/global/basic/interference_bound_edf.v
classic/analysis/global/basic/bertogna_edf_theory.v,classic/analysis/global/basic/workload_bound.v
classic/analysis/global/basic/bertogna_edf_theory.v,classic/model/arrival/basic/job.v
classic/analysis/global/basic/bertogna_edf_theory.v,classic/model/arrival/basic/task.v
classic/analysis/global/basic/bertogna_edf_theory.v,classic/model/arrival/basic/task_arrival.v
classic/analysis/global/basic/bertogna_edf_theory.v,classic/model/priority.v
classic/analysis/global/basic/bertogna_edf_theory.v,classic/model/schedule/global/basic/constrained_deadlines.v
classic/analysis/global/basic/bertogna_edf_theory.v,classic/model/schedule/global/basic/interference.v
classic/analysis/global/basic/bertogna_edf_theory.v,classic/model/schedule/global/basic/platform.v
classic/analysis/global/basic/bertogna_edf_theory.v,classic/model/schedule/global/basic/schedule.v
classic/analysis/global/basic/bertogna_edf_theory.v,classic/model/schedule/global/response_time.v
classic/analysis/global/basic/bertogna_edf_theory.v,classic/model/schedule/global/schedulability.v
classic/analysis/global/basic/bertogna_edf_theory.v,classic/model/schedule/global/workload.v
classic/analysis/global/basic/bertogna_edf_theory.v,classic/util/all.v
