rank,layer,tier,source,sha256,lines,decls,needed_decls,classic_deps,v06_util_deps,lean_target,status,note
1,0,S,classic/model/time.v,0510fd6b0a75ac638518f5952f4f9c011bd9c321f0d6b57324a3ebe4ccc9f216,8,3,1,,,Prosa/Classic/Model/Time.lean,TRANSLATED,
2,0,S,classic/util/pick.v,004cfa0079ec10554593e28a2241dde86e8fdca6911fdd3d911afd091d0162cd,291,17,0,,,Prosa/Classic/Util/Pick.lean,DEFERRED,re-exported via classic/util/all.v only; no declaration used by the case studies
3,0,S,classic/util/ssromega.v,b7b0744ecd1211079afed5ade93c760dd15e3960dbc1fcf0518a753ff94872c1,31,0,0,,,Prosa/Classic/Util/Ssromega.lean,DEFERRED,Ltac only (arithmetic tactic); no Lean declarations expected; re-exported via classic/util/all.v only; no declaration used by the case studies
4,1,S,classic/util/notation.v,6627a5c91214c8d7887f60021ed015ef3e62b80b31dbe8ca0d39ccdaea102a76,81,6,1,,util/notation.v,Prosa/Classic/Util/Notation.lean,TRANSLATED,
5,1,S,classic/util/seqset.v,609b66c1b2b9d5c5aaa3937f98789f8898a33fe36fca3b67a72849af8c2b03cb,29,2,1,,util/seqset.v,Prosa/Classic/Util/Seqset.lean,TRANSLATED,
6,1,S,classic/util/tactics.v,ef510807df731b2b41e1a8c30f9af1e99916d54ec2f72b0829044757c68147ae,384,13,0,,util/tactics.v,Prosa/Classic/Util/Tactics.lean,DEFERRED,mostly Ltac; translate its lemmas only; re-exported via classic/util/all.v only; no declaration used by the case studies
7,2,S,classic/util/bigord.v,5f7b93e97c6c71e8b22cec68c54f0a80b3e4952c78e287cb14e409ad773fef67,41,4,4,classic/util/tactics.v,,Prosa/Classic/Util/Bigord.lean,TRANSLATED,
8,2,S,classic/util/induction.v,eebbd50f131b7112f72fd6cdc75035a2686e0be6f6e0464f625949902c8be994,31,2,1,classic/util/tactics.v,,Prosa/Classic/Util/Induction.lean,TRANSLATED,
9,2,S,classic/util/list.v,860b96e954873f46f90dfd374f57c60e2a63b5f472e20896fa01b9676525ab85,787,44,2,classic/util/tactics.v,util/list.v,Prosa/Classic/Util/List.lean,TRANSLATED,
10,2,S,classic/util/nat.v,2b58a32d71e0036ae81f0d3cc251ed8125df8fd4c9bbfa1889878da737321b52,80,8,5,classic/util/ssromega.v classic/util/tactics.v,util/nat.v,Prosa/Classic/Util/Nat.lean,TRANSLATED,
11,2,S,classic/util/ord_quantifier.v,4cb2c3a2f476d36f2283a97777addc4ec00784bbaf2feea802d196590a7257bf,101,4,2,classic/util/tactics.v,,Prosa/Classic/Util/OrdQuantifier.lean,TRANSLATED,
12,2,S,classic/util/powerset.v,b5f49e66830ee5b3f5026f1ffc3ba97a718f1736dd48e8f4de6d7d497c38fdc7,19,2,0,classic/util/tactics.v,,Prosa/Classic/Util/Powerset.lean,DEFERRED,re-exported via classic/util/all.v only; no declaration used by the case studies
13,3,S,classic/util/bigcat.v,b7f0caba7bec38b1971a99cebd0b07088868400186bde58a7d64cd8be6db011d,103,6,5,classic/util/bigord.v classic/util/notation.v classic/util/tactics.v,util/bigcat.v,Prosa/Classic/Util/Bigcat.lean,TRANSLATED,
14,3,S,classic/util/counting.v,73dab4e21056ece3aaded263fa5997802a3ca019cdc9e554ff33b83adb6bef31,104,5,5,classic/util/ord_quantifier.v classic/util/tactics.v,,Prosa/Classic/Util/Counting.lean,TRANSLATED,
15,3,S,classic/util/div_mod.v,8c8069433f2727dd357712b3a7963174d0a331058786d885147bc5c3a2ad5a29,237,17,4,classic/util/nat.v classic/util/ssromega.v classic/util/tactics.v,util/div_mod.v,Prosa/Classic/Util/DivMod.lean,TRANSLATED,
16,3,S,classic/util/fixedpoint.v,b5de1428301cecb92da563150c6099495fb989685b20420eab80a4691eb36cfd,191,10,0,classic/util/induction.v classic/util/tactics.v,,Prosa/Classic/Util/Fixedpoint.lean,DEFERRED,re-exported via classic/util/all.v only; no declaration used by the case studies
17,3,S,classic/util/sorting.v,707c3ef0d575628941cff76b26368383a0f21fd3f85082fbd1f4b42593a94d58,161,6,1,classic/util/induction.v classic/util/list.v classic/util/tactics.v,,Prosa/Classic/Util/Sorting.lean,TRANSLATED,
18,3,S,classic/util/step_function.v,def47de363d9a2b9e4120c2769acea473dc2b28676104dd840efe4826c37bf14,3,0,0,classic/util/induction.v classic/util/notation.v classic/util/tactics.v,,Prosa/Classic/Util/StepFunction.lean,DEFERRED,re-exported via classic/util/all.v only; no declaration used by the case studies
19,4,S,classic/util/minmax.v,48e90e800693897a4875bb71b6c6f937b12d3da41a8a427a65eb102072d4e0cf,544,44,0,classic/util/list.v classic/util/nat.v classic/util/notation.v classic/util/sorting.v classic/util/tactics.v,util/minmax.v,Prosa/Classic/Util/Minmax.lean,DEFERRED,re-exported via classic/util/all.v only; no declaration used by the case studies
20,4,S,classic/util/sum.v,6ed53c42fe02f421299fdfd603b17e5ebf18bcc913c01bc673ea36f5f51c7c95,185,9,6,classic/util/nat.v classic/util/notation.v classic/util/sorting.v classic/util/ssromega.v classic/util/tactics.v,util/sum.v,Prosa/Classic/Util/Sum.lean,TRANSLATED,
21,5,S,classic/util/all.v,3fe26417c92d71b8e076bff6a91fe262f8aa997091cee03aa7d01029fd8fcff1,21,0,0,classic/util/bigcat.v classic/util/bigord.v classic/util/counting.v classic/util/div_mod.v classic/util/fixedpoint.v classic/util/induction.v classic/util/list.v classic/util/minmax.v classic/util/nat.v classic/util/notation.v classic/util/ord_quantifier.v classic/util/pick.v classic/util/powerset.v classic/util/seqset.v classic/util/sorting.v classic/util/ssromega.v classic/util/step_function.v classic/util/sum.v classic/util/tactics.v,util/epsilon.v,Prosa/Classic/Util/All.lean,DEFERRED,re-exported via classic/util/all.v only; no declaration used by the case studies
22,6,S,classic/model/arrival/basic/task.v,7c9adc9a3cc480894cac0948145570afc368c796526c44beb1ed2ef2eb2c7691,82,11,9,classic/model/time.v classic/util/all.v,,Prosa/Classic/Model/Arrival/Basic/Task.lean,TRANSLATED,
23,7,S,classic/model/arrival/basic/arrival_sequence.v,0cc7bf24b6a29b5fe266e579e5e48e1c30db7a12eab5bdc171e8caadc118aedb,232,20,9,classic/model/arrival/basic/task.v classic/model/time.v classic/util/all.v,,Prosa/Classic/Model/Arrival/Basic/ArrivalSequence.lean,TRANSLATED,
24,8,S,classic/model/arrival/basic/job.v,7089419d2609f1fe18d75417e0c73623b3138921ca83e4a7398475bdc5966fa5,94,8,7,classic/model/arrival/basic/arrival_sequence.v classic/model/arrival/basic/task.v classic/model/time.v,,Prosa/Classic/Model/Arrival/Basic/Job.lean,TRANSLATED,
25,9,S,classic/model/arrival/basic/task_arrival.v,76c1a80d3d80a97eee79c6be856bf78d644214ddb88a6b08976c4f69dea817db,236,11,3,classic/model/arrival/basic/arrival_sequence.v classic/model/arrival/basic/job.v classic/model/arrival/basic/task.v classic/util/all.v,,Prosa/Classic/Model/Arrival/Basic/TaskArrival.lean,TRANSLATED,
26,9,S,classic/model/priority.v,e31466a2edede2cfd7f3f5ac9a97792fca3e720f17342b1a8475c97a289cd134,356,35,10,classic/model/arrival/basic/arrival_sequence.v classic/model/arrival/basic/job.v classic/model/arrival/basic/task.v classic/util/all.v,,Prosa/Classic/Model/Priority.lean,TRANSLATED,
27,9,S,classic/model/schedule/global/basic/schedule.v,c8e5b4b54ac2baa8b5412ff7b6cbaedeef3705a1a51e88ee4c301bd7425a37b3,616,39,34,classic/model/arrival/basic/arrival_sequence.v classic/model/arrival/basic/job.v classic/model/arrival/basic/task.v classic/util/all.v,,Prosa/Classic/Model/Schedule/Global/Basic/Schedule.lean,TRANSLATED,
28,10,S,classic/model/arrival/basic/arrival_bounds.v,a4ef38c8fabfcc1d0dc518afe758be88342f5f8dc16218ff546aec8b079f9a93,226,10,0,classic/model/arrival/basic/arrival_sequence.v classic/model/arrival/basic/job.v classic/model/arrival/basic/task.v classic/model/arrival/basic/task_arrival.v classic/model/priority.v classic/util/all.v,,Prosa/Classic/Model/Arrival/Basic/ArrivalBounds.lean,TRANSLATED,
29,10,S,classic/model/schedule/apa/affinity.v,03953e413747cfb05cc68cf4d066af456632601fef5df6cb7befb780cc2932f4,102,7,7,classic/model/arrival/basic/arrival_sequence.v classic/model/arrival/basic/job.v classic/model/arrival/basic/task.v classic/model/schedule/global/basic/schedule.v classic/util/all.v,,Prosa/Classic/Model/Schedule/Apa/Affinity.lean,TRANSLATED,
30,10,S,classic/model/schedule/global/response_time.v,4097d7cc34e5b4fbf35ef48457c1f3f79669d1e0bd7b947b57070f13e6a54952,135,5,3,classic/model/arrival/basic/job.v classic/model/arrival/basic/task.v classic/model/arrival/basic/task_arrival.v classic/model/schedule/global/basic/schedule.v classic/util/all.v,,Prosa/Classic/Model/Schedule/Global/ResponseTime.lean,TRANSLATED,
31,10,S,classic/model/schedule/global/schedulability.v,db20b1145497d5a5bd4482ae0b27648b8296add9fdeec8e6f36c5b71f36e24a0,172,7,2,classic/model/arrival/basic/job.v classic/model/arrival/basic/task.v classic/model/schedule/global/basic/schedule.v classic/util/all.v,,Prosa/Classic/Model/Schedule/Global/Schedulability.lean,TRANSLATED,
32,11,S,classic/model/schedule/global/workload.v,e4da65ee23f4e94efc07a2d6687c383ee3bc339ed3603c5afc94397b7234aecf,97,4,4,classic/model/arrival/basic/job.v classic/model/arrival/basic/task.v classic/model/arrival/basic/task_arrival.v classic/model/schedule/global/basic/schedule.v classic/model/schedule/global/response_time.v classic/model/schedule/global/schedulability.v classic/util/all.v,,Prosa/Classic/Model/Schedule/Global/Workload.lean,TRANSLATED,
33,12,S,classic/model/schedule/apa/interference.v,966dcb65ab81d4377ded376ac79496517598e5b5a1c4e86566aab7d9daeeef93,272,11,4,classic/model/arrival/basic/job.v classic/model/arrival/basic/task.v classic/model/priority.v classic/model/schedule/apa/affinity.v classic/model/schedule/global/basic/schedule.v classic/model/schedule/global/workload.v classic/util/all.v,,Prosa/Classic/Model/Schedule/Apa/Interference.lean,TRANSLATED,
34,12,S,classic/model/schedule/global/basic/interference.v,fd7dde9e3e437a793cb4f050a4c547ed75613a21475b26427a745f434f2290e9,205,9,8,classic/model/arrival/basic/job.v classic/model/arrival/basic/task.v classic/model/priority.v classic/model/schedule/global/basic/schedule.v classic/model/schedule/global/workload.v classic/util/all.v,,Prosa/Classic/Model/Schedule/Global/Basic/Interference.lean,TRANSLATED,
35,12,P,classic/analysis/apa/workload_bound.v,497d12111cda2132dad6cb1c7ee2935bb07a15504d7074832d54bbf90d33329a,744,21,20,classic/model/arrival/basic/job.v classic/model/arrival/basic/task.v classic/model/arrival/basic/task_arrival.v classic/model/schedule/global/basic/schedule.v classic/model/schedule/global/response_time.v classic/model/schedule/global/schedulability.v classic/model/schedule/global/workload.v classic/util/all.v,,Prosa/Classic/Analysis/Apa/WorkloadBound.lean,TRANSLATED,
36,12,P,classic/analysis/global/basic/workload_bound.v,2dac207ab4344b0840108fd9b23a21172d7d63dda1d1bc7b908d029951858022,743,21,20,classic/model/arrival/basic/job.v classic/model/arrival/basic/task.v classic/model/arrival/basic/task_arrival.v classic/model/schedule/global/basic/schedule.v classic/model/schedule/global/response_time.v classic/model/schedule/global/schedulability.v classic/model/schedule/global/workload.v classic/util/all.v,,Prosa/Classic/Analysis/Global/Basic/WorkloadBound.lean,TRANSLATED,
37,13,S,classic/model/schedule/apa/platform.v,ec1e254566a597b0f94dbe1ac563ecaa30198a0d29c17cf6878ac52bf399f7a9,116,5,3,classic/model/arrival/basic/job.v classic/model/arrival/basic/task.v classic/model/arrival/basic/task_arrival.v classic/model/priority.v classic/model/schedule/apa/affinity.v classic/model/schedule/apa/interference.v classic/model/schedule/global/basic/schedule.v classic/util/all.v,,Prosa/Classic/Model/Schedule/Apa/Platform.lean,TRANSLATED,
38,13,S,classic/model/schedule/global/basic/platform.v,0c99a19bbf63ef799c6540c7f6cff897637404243fefbf24620f91ac7d9745d9,189,6,6,classic/model/arrival/basic/job.v classic/model/arrival/basic/task.v classic/model/arrival/basic/task_arrival.v classic/model/priority.v classic/model/schedule/global/basic/interference.v classic/model/schedule/global/basic/schedule.v classic/util/all.v,,Prosa/Classic/Model/Schedule/Global/Basic/Platform.lean,TRANSLATED,
39,13,P,classic/analysis/apa/interference_bound.v,81571d1c6ceae2cd4e870d893758b569f39a08877561ecbfb5882780c7494347,45,1,1,classic/analysis/apa/workload_bound.v classic/model/schedule/global/basic/schedule.v classic/util/all.v,,Prosa/Classic/Analysis/Apa/InterferenceBound.lean,TRANSLATED,
40,13,P,classic/analysis/global/basic/interference_bound.v,5fc1a41a8fb23ad6a85c7f0f00057a37d13618942cf8fc42cdc19022875d91f0,43,1,1,classic/analysis/global/basic/workload_bound.v classic/model/schedule/global/basic/schedule.v classic/util/all.v,,Prosa/Classic/Analysis/Global/Basic/InterferenceBound.lean,TRANSLATED,
41,14,S,classic/model/schedule/apa/constrained_deadlines.v,1b05e97239bacbe3c37a657d84a4367d0e39b4e3c88c4e1fecb222354ba3b37f,288,4,3,classic/model/arrival/basic/job.v classic/model/arrival/basic/task.v classic/model/arrival/basic/task_arrival.v classic/model/priority.v classic/model/schedule/apa/affinity.v classic/model/schedule/apa/interference.v classic/model/schedule/apa/platform.v classic/model/schedule/global/basic/schedule.v classic/util/all.v,,Prosa/Classic/Model/Schedule/Apa/ConstrainedDeadlines.lean,TRANSLATED,
42,14,S,classic/model/schedule/global/basic/constrained_deadlines.v,39e1e4ecba165e08307a7a62ef765812d15e6a7a7881e6051022d9ba16576f3f,443,6,6,classic/model/arrival/basic/job.v classic/model/arrival/basic/task.v classic/model/arrival/basic/task_arrival.v classic/model/priority.v classic/model/schedule/global/basic/interference.v classic/model/schedule/global/basic/platform.v classic/model/schedule/global/basic/schedule.v classic/util/all.v,,Prosa/Classic/Model/Schedule/Global/Basic/ConstrainedDeadlines.lean,TRANSLATED,
43,14,P,classic/analysis/apa/interference_bound_fp.v,a248399faf33c7859d8950a04ff4f72304338a07b109c6e19c0ec1b7b4f64f84,56,1,1,classic/analysis/apa/interference_bound.v classic/analysis/apa/workload_bound.v classic/model/priority.v classic/model/schedule/apa/affinity.v classic/model/schedule/apa/interference.v classic/model/schedule/global/basic/schedule.v classic/model/schedule/global/workload.v classic/util/all.v,,Prosa/Classic/Analysis/Apa/InterferenceBoundFp.lean,TRANSLATED,
44,14,P,classic/analysis/global/basic/interference_bound_fp.v,5c4c6e505fd479f105a5332ea95140cd819e23e64293afcc6b86d3808b5239f0,46,1,1,classic/analysis/global/basic/interference_bound.v classic/analysis/global/basic/workload_bound.v classic/model/priority.v classic/model/schedule/global/basic/interference.v classic/model/schedule/global/basic/schedule.v classic/model/schedule/global/workload.v classic/util/all.v,,Prosa/Classic/Analysis/Global/Basic/InterferenceBoundFp.lean,TRANSLATED,
45,14,P,classic/model/schedule/global/basic/interference_edf.v,f79473b69ddc340fc3643ef30026a064914f9507696ccef438c2f7913a1dc8eb,72,1,1,classic/model/arrival/basic/job.v classic/model/arrival/basic/task.v classic/model/arrival/basic/task_arrival.v classic/model/priority.v classic/model/schedule/global/basic/interference.v classic/model/schedule/global/basic/platform.v classic/model/schedule/global/basic/schedule.v classic/util/all.v,,Prosa/Classic/Model/Schedule/Global/Basic/InterferenceEdf.lean,TRANSLATED,
46,15,P,classic/analysis/apa/bertogna_fp_theory.v,bb00af339638096a6223ef7a0661f773090d6852bdaab3336b7fb5d8c432e199,1049,13,13,classic/analysis/apa/interference_bound_fp.v classic/analysis/apa/workload_bound.v classic/model/arrival/basic/job.v classic/model/arrival/basic/task.v classic/model/arrival/basic/task_arrival.v classic/model/priority.v classic/model/schedule/apa/affinity.v classic/model/schedule/apa/constrained_deadlines.v classic/model/schedule/apa/interference.v classic/model/schedule/apa/platform.v classic/model/schedule/global/basic/schedule.v classic/model/schedule/global/response_time.v classic/model/schedule/global/schedulability.v classic/model/schedule/global/workload.v classic/util/all.v,,Prosa/Classic/Analysis/Apa/BertognaFpTheory.lean,TRANSLATED,
47,15,P,classic/analysis/global/basic/bertogna_fp_theory.v,521399cd2702714377a3d5ad672acfd0d5afba34cff975845fba9cbc75972c17,788,10,10,classic/analysis/global/basic/interference_bound_fp.v classic/analysis/global/basic/workload_bound.v classic/model/arrival/basic/job.v classic/model/arrival/basic/task.v classic/model/arrival/basic/task_arrival.v classic/model/priority.v classic/model/schedule/global/basic/constrained_deadlines.v classic/model/schedule/global/basic/interference.v classic/model/schedule/global/basic/platform.v classic/model/schedule/global/basic/schedule.v classic/model/schedule/global/response_time.v classic/model/schedule/global/schedulability.v classic/model/schedule/global/workload.v classic/util/all.v,,Prosa/Classic/Analysis/Global/Basic/BertognaFpTheory.lean,TRANSLATED,
48,15,P,classic/analysis/global/basic/interference_bound_edf.v,baffd3b8f1ffdff6ba878f5dee757fdbd38cef123778e8c72d724921f2765cb1,1200,41,37,classic/analysis/global/basic/interference_bound.v classic/analysis/global/basic/workload_bound.v classic/model/arrival/basic/job.v classic/model/arrival/basic/task.v classic/model/arrival/basic/task_arrival.v classic/model/priority.v classic/model/schedule/global/basic/interference.v classic/model/schedule/global/basic/interference_edf.v classic/model/schedule/global/basic/platform.v classic/model/schedule/global/basic/schedule.v classic/model/schedule/global/response_time.v classic/model/schedule/global/schedulability.v classic/model/schedule/global/workload.v classic/util/all.v,,Prosa/Classic/Analysis/Global/Basic/InterferenceBoundEdf.lean,TRANSLATED,
49,16,P,classic/analysis/global/basic/bertogna_edf_theory.v,642f7eb8726a649816a5f3a8c94801731e6d78e842c12947294af7e1c4ff4e3c,821,14,14,classic/analysis/global/basic/interference_bound_edf.v classic/analysis/global/basic/workload_bound.v classic/model/arrival/basic/job.v classic/model/arrival/basic/task.v classic/model/arrival/basic/task_arrival.v classic/model/priority.v classic/model/schedule/global/basic/constrained_deadlines.v classic/model/schedule/global/basic/interference.v classic/model/schedule/global/basic/platform.v classic/model/schedule/global/basic/schedule.v classic/model/schedule/global/response_time.v classic/model/schedule/global/schedulability.v classic/model/schedule/global/workload.v classic/util/all.v,,Prosa/Classic/Analysis/Global/Basic/BertognaEdfTheory.lean,TODO,
